exchange,trades,buys,sells,realized_pnl
mexc,145,0,0,-4.0958836316000005
kraken,5,0,0,-5.4496899999999995
